artist_name,track_name,release_date,genre,lyrics
Isabel LaRosa,i'm yours,2022,hyperpop,baby yours know that you love darling dont have say can trust its okay complicated nervous trip over words youre pretty hurts need something more ill pray the lord too late see view your headlights wanna get park outside house for night were gettin closer inches away lose composure favorite mistake friendships wont same but
Isabel LaRosa,older,2023,hyperpop,think need someone older just little bit colder take the weight off your shoulders baby secret eighteen old enough keep guys age arent same young and thats okay darlin hold while you wipe tears fallin say wise beyond years know younger lover but ive always wanted man for summer number dear youll understand
Isabel LaRosa,Favorite,2024,hyperpop,say name want the neighbors hear your body feel boy you know theres heaven near promise dear its only who has and heals one can darlin favorite ill girl let taste what just take tell crave names whatever make cario que eres quiero pasarme raya paciencia acaba digo chiquita como saya ellas tienen tengo soy celosa siento swear youre but angel places pretty god that painful whisper things put hands around neck faithful
Isabel LaRosa,eyes don't lie,2023,hyperpop,eyes dont lie say youre mine cant you baby wanna feel your body close that hate but tell shit nobody knows beautiful have try darlin look divine secrets keep life between lips know weakness stories with fingertips swear friends get this pull exchanging souls trace skin losing control
Rebzyyx,I'm so crazy for youuu </3,2021,hyperpop,youre upset with but obsessed you fucking crazy dont wanna damage fuckin test mentals unsteady gonna kill myself just like rebzyyx wait where what the fuck going know love fucked head and bpd girl wanted see dirt skirt cute let feel your molecules hard inside church then ill show make warm without bored voice stuck blood spilled its really red come right here lick kiss neck til suns throw
glaive,the prom,2023,hyperpop,skipped high school prom now that part gone dont pick calls all and maybe just wrong right wont see them for the rest life remember night when things were alright wasnt there yall didnt care text call anything slightest told you mind look face said lying like why myself everyone else friends between its complicated know one day ill king something queen nothing hide cant seen public cause blushing embarrassed stay parents house terrified hometown petrified ive let down want feel slighted
aldn,icantbelieveiletyougetaway,2024,hyperpop,cant believe let you get away were alone left the lights your room turned off for clipped straw til had nothing offer hope dont regret tattoo look what was supposed thought wouldnt leave took part theres one home wish that
Isabel LaRosa,i'm yours sped up,2022,hyperpop,baby yours know that you love darling dont have say can trust its okay complicated nervous trip over words youre pretty hurts need something more ill pray the lord too late see view your headlights wanna get brought house for night were gettin closer inches away lose composure favorite mistake friendships wont same mor but
ElyOtto,SugarCrash!,2020,hyperpop,sugar crash aint got fuckin cash maybe should take bath cut brain half not lonely just bit tired this shit nothin that write can make feel good victim the great machine love with everything see neon lights surroundin indulge luxury wrong cept for when hit bong feelin shitty bed didnt meds hyperpop ears disappears dont wanna someone else hate myself instead where now rest life laid out fuck around sound
Nova,Not Around,2019,hyperpop,owww haaaah she could down but not around see her baby need lady thinks crazy know wanna ride with niggas can get high gonna take that ass aside then fuck you your thighs the thein how forgive babe gave wet instantly cant forget girl waiting for minute here and lonely got better than homies cause kept real nigga now tryna chill these bitches dont ever keep other only mine youre really kick will miss bye ahaa woah
siouxxie sixxsta,masquerade,2021,hyperpop,youre now listening camp vamps radio bbbitch sippin blood like vampire taste codeine drippin masquerade wheres the coke line playing bloodlines that clap back feel dracula way scare you cry for help but cant hear part omen getting high off serotonin catch your skin right fang soon youll know what name mortal souls crave seek them out one droppin bodies nun two twin glocks bonnie and clyde slide through roofs tom cruise think fine please just leave walk around see fly bat can track tracks they face get heart attack sioux together losing mental talking about planning use deep within its beneath must confess monster
2hollis,jeans,2023,hyperpop,only trust two godspeeds love you make far too easy see top tree its three put your body jeans double cheats within kiss dream mmm tricks sleeve checks texts when leave ask where going ill take with baby goin hope notice let come money mouth ayy keep trying poke get the horns laughing what fuck want gonna fucked
Isabel LaRosa,HEARTBEAT,2022,hyperpop,can feel your heartbeat you hate that love dont talk about but know youre mine its okay nervous heart racing cant hide were too close should let drive home take soul need control now alone obsessiv look closely like possessive not imply
Sadfriendd,Pumpfake,2024,hyperpop,its lonely the top jumped off building and left blood spot pavement landed head whole skull caved this shit never fake dont pump when say pussy motherfuckers always talkin bout theyll try but they cant wont pretty with that butterfly blade your neck die you get crucified could work bitch wage cuck turn place bass fuckin hatin while workin being worthless working fucking verses fell love hearses creepin through makin plays phone coming straight snow sad fresher than bar soap borrowing ima park her throat was born north posted south keep motherfuckin glock put bitches mouth know then what masked midnight running house
Goldie Boutilier,Cowboy Gangster Politician,2022,hyperpop,daddy trouble think fell love with cowboy gangster politician always warned dont just give cause they take and until theres none hearts hanging thread bodys weak mind dead say goodbye but never ends you cant get away from woman who loves run feelings that haunt separate fire flame already burns every saints sinner all have our past forever fiction nothing lasts now buying time filling glass overheard man this too shall pass the need got
Isabel LaRosa,Pretty Boy,2024,hyperpop,youre first god hurts boy holding for life angry words feel their worst when try one more time want your name forever behind mine baby pretty can you toy hand mouth cut out the noise belong obsessed its not choice melting hear voice tired eyes terrified weve got everything lose watch cry drowning are running from truth
Ezekiel,help_urself,2021,hyperpop,hate you though gon make this work through gone broke again off the dro headaches when comin home suns out mistakes someone gettin tired bein had theyre sad bottom lake bag feel its time now any day been while since felt way under skin and flesh decay bout took place met myself life cell stay dont help yourself
2hollis,gold,2024,hyperpop,aint point waiting gone woah ayy cant stay and wait for you pick dollar store front seat laughing with your gold teeth uhhuh what want make yours backseat ate wanna see trust turn into something the whip learn love feel disgusted there running guests outside gotta sure that they come dont look like
Isabel LaRosa,HAUNTED,2022,hyperpop,haunted took too much space when was next you but now its just all alone this damn room cant sleep imagining the things say wont need help lost myself dont know whos mirror hell hear yell theres nobody here feel unwell can tell that dear youre hearts racing swear standing thoughts are overcrowded rooms empty more search lose clarity
Laura Les,Haunted,2021,hyperpop,goin insane runnin through the back alley blood all over and you know ive had enough think its cute that fuckin stupid tell cause tired bein useless been for three days everything haunted everybodys evil theres bugs inside carpet frightenin organ chords lightnin show fangs will theyre cool mirrors shatter when passin broken glass crashin little blurry stars scattered across room aaaam
2hollis,crush,2024,hyperpop,everything every single move time ive ever thought you make one turn into two war truce embarrassed but gotta tell the truth got crush too thinkin everywhere your house car room thing say think towards was changed mind try dig grave gets hard fucking wake repeat and eevery day same all white red yyou cru
Whethan,"LOCK IT UP (feat. Yeat, midwxst & Matt Ox)",2022,hyperpop,that boy coward like courage got good life when grow flourish your bitch wanna take pic she tourist gemini fuck taurus they talkin bout thesaurus some boys the hood aint morris gon everything house get mortgage need glory feel morgan freeman drop new song all fans know geekin might and crash for weekend midwxst name one can defeat him whip you playin music gun but wont use power abuse kind cant reproduce mic hammer thor none yall ready shit thats store kill beat put under score bruno mars open door switchin flow cadence finna reckless tired behavin way too ahead daylight savings have evolved while caveman not slide flakin fakin sword jason forgin words this mason born again talking dont play fair foul its flagrant remember recording down inside basement now vacation run track motherfucking relay give about what say tweakin together ive been bangin chest spin tracks lameass nigga talk okay beef better love gossip had cut off toxic town trending topic throwin hands moshpit think stoppin doofenshmirtz plotting just made quick ten bands pulled lamb big tonka masi heard poppin even woo any pass murder finessin his man pull unbuckle pants tip drank stand luh tris mills top really percs air land told would change took cup wocky right outside benz her friends diamond vision cartier lens diamonds only bentley plottin watchin pocket rocket ima pop stackin guap popocket rockin drip exotic exoexotic cop coppin stockin cash them stock advance hop copped restocked then spend with clan understand these arent fam isnt squad full mob gettin gotta chop lock bah
Isabel LaRosa,more than friends,2023,hyperpop,know that were more than friends crazy you made think maybe just let your fingertips trace hearts racin now cant take breath catchin starin again swear all this shit isnt head need hands waist please save god dont die waitin wre frinds keep bitin tongue holdin stuck lungs feel changin comin undone
100 gecs,Dumbest Girl Alive,2023,hyperpop,woo you think stupid now should see when high and smarter than look the dumbest girl alive took ten advils today ive got bruises thighs plus gave away brain lightning veins walk around like frankenstein did science face never ask what dont know why even try cause always get wrong money comin from mouth eyes keep losing count picking pac happy could die put emojis grave feel dangerous but say doin fine guess thats how goes text youre tryna start fight ill fuckin back wanna pout there something your eye can show cry
girli,More Than a Friend,2021,hyperpop,met her when was still with but lipstick blood red she wore hair messed best friend had boyfriend mind his bed kept touch cause wanted got kinda drunk and told that liked said youre the this girl has all bites lip looks like wanna mor than more dos feel same does want back have you close your tshirt floor bite look fucking confusing way texts keeps saying love wish really meant sometimes comes over call girls night takes clothes off know shes type god hands round body perfume left top dresser undress
tana,off the leash! (feat. yvngxchris and Luisss),2022,hyperpop,dont think understand mmmm ayy what stop playin with and lil luisss man just got off the fivem hahaha holy shit that nah they aint even knowin bout leash gotta get though backwoods case backwood smoke face not one these lillil boys will really kill yall niggas had block her then delete used sleep street gas repeat hit raw clean sheets kick out wake count some mony brush teeth many times couldve killed your bro could have smoked his pack girl was rubbin back stole called maajins told him send kept real cause cant fold slatt you fake heard rat gang boy lost bitch favorite song tiktok house posted big glock shooter lookin like babysantana kinda little dreadlocks beam head top pull aim thats dead opp nigga wonderin this its red dot wouldnt fuck but gettin throat give best tops finna slide three klan make rewind fuckboy pissin pants tryna damn luck tell she chance into hood whats good wood mans brother cutter know dick nas fuckin each other cap funs lets put down guns see who tougher mom slut might pop cut mother when from act yvngxchris tucker post trap strap tuck simple okay class second early dismissal lovin ass pistol tec ref blowin whistle bow fah money counter beep tana ran twenty bands week skrrt buick need trackhawk jeeps body mill meek weak new york breesh bad name elyce keys feelin alicia rental lease freak white miss peep choppa nle yuh dig fifteenhunnid oof skah
siouxxie sixxsta,ketamine,2021,hyperpop,ketamine diamonds everything nightmare havent slept for three days candy pocket lets the market roses closet just copped black dress now its time undress left read again think might haunt her you gotta let that seems uptight boxes
Rebzyyx,Painforever,2021,hyperpop,dying the cold floor you just left right there thought that knew but doesnt seem true let kill myself now ive been feeling stressed out losing all friends dont need cleaning blood stains make love pain cutting every day with shame she said was scene girl and fucking her youre gone what went wrong gonna sell soul for fun die slow know where hope your face ever hate waste lose place wants fuck wanna shes harm respect anymore not help empty cans over room get sad when think better care would were here
Slayyyter,Mine,2019,hyperpop,fell love first date but boy you know its not enough and talkin like wanted something well baby come get some just hit your celly when youre ready tell his friends want tempted let give this attention got somethin special out these women can wanna make mine whoa the club didnt name kiss lips drove insane what doin
100 gecs,money machine,2019,hyperpop,you little piss baby think youre fucking cool huh tough talk lotta big game for someone with such small truck look those arms your cute they like lil cigarettes bet could smoke roast and then youd love text ghost the boys coming stuff feel clean money machine trucks picture tell whats deal ive been tryin bed days tryna get ahead said all before ill say once again better off alone
Isabel LaRosa,butterflies,2023,hyperpop,you give butterflies heartbeat know youre nervous the same room eyes meet nobody else should what feel your run down spine just say mine too close one but and god our souls are gettin farther from gods throne butterflis tell that were more than this overthinking stolen glances kiss like hurts
2hollis,lie,2024,hyperpop,free messed forget catch you live bitch dont know how got here but give offer sign realize everythings right cross eyes hope die ill never lie girl please cry said ayy ohoh calling ima keep shit gotta run til legs break pourin lookin like damn lab touchtouching face handmade five hundred people looking for your talking name standing round cage pushed few now aint the same blame bla ccant say names they movin all strange jack swag fake moving with hate talk even bankroll cant have push three two stay eeverything when youve seen fame everything youre playing game
tana,14,2020,hyperpop,level walk the building smellin like gas that srt goin fast gettin chased jakes did dash they chase feet runnin flash ima get gone porsche horse with butterfly doors feel jace cause bae got money course meanwhile just smokin she santana hope last school was weirdest one class and bag bitch this gat red flag right nigga say blat lil zipped ziploc bro want zip ended bagged ride dick need saddle niggas know not battle clique fah more opps equals attachments stick whip gaggin leave laggin flyin air aladdin boy cap aint shootin shit searchin for bin rap his straight follow them laws you citizen plug fuck middle man played fiddle why all these fake ass call friend trigger finger new best tell shoot off adrenaline speakin again god
2hollis,two bad,2024,hyperpop,girl its too bad made all the way now gotta turn around again best friends take away you gon miss more than anything what case instead touch face ill back cant find your gate and late class very last page does that make mad huh know makes youre still gave everything part dont change plase for chang like act when watching mont saint two seas fear free waking wake sleep want get knees easy ayy lilike skin hold onto never let sister with smile lililike love
Isabel LaRosa,HELP,2022,hyperpop,can somebody help dont pretend you ever listened wont speak unless youre lookin down hold just feed your ego slippin under scared losing home alone without lying next want any sympathy
2hollis,poster boy,2023,hyperpop,trash the ploy turn myself into poster boy live sword make two four know you want fucking got running away round push down fuck think going out wrong dumb take our time dont rush drive crazy what would call baby
glaive,fuck this town,2021,hyperpop,woahoh woah ohwoah ayy turn home into ghost town maybe thats why every single person going now ive been working too hard the fuck would slow down people only care about you when its said this and like everyone say youre mad just minding business she wanna dance with devil but wont pay him visit bet ill see soon cause way that living try find get dont talk more crossed line throwing your weight figure out what calmly always someone not remember three months ago they didnt talked all shit cant control wish stop never coming back because
Ecco2k,Peroxide,2019,hyperpop,true friend the bus stop crushing rocks crush cccrush they all stare dont care god fuck you everywhere look wrong what are looking every day same gotta stay strong trust gets much worse something feels its way walk why scared when not hard peroxide dark around him might get robbed chop off your body parts his arm and take watch afraid anything crushin
Goldie Boutilier,Body Heat,2022,hyperpop,thunderstorm woke that night you were asleep slipped outside made call other life coming back whispering the room sayin well together soon twin flames new moon and this double has got all pretending exhausting know gotta feel your body heeeeeeeat babababababy drink two martinis pick fight lot shit mind leaving early his side for another window seat plane playing like chess game lover wont say name running whether its wrong right wanna touch whats fever lies secrets lower shades lights are fluorescent flickering slow jazz
100 gecs,Hollywood Baby,2023,hyperpop,what you crying about baby are getting lazy clear blue sky but rains all the late fees did get payment had arrangement dont wanna watch news just read statements party malibu barbie gonna pack that shit when comes tumbling down pitch your fit one gives better off over going crazy little tiny hollywood brand new mercedes ive been crib ohoh woahoh ohohohohwoahoh looking mountain bout now buckle under pressure youll never make
Mura Masa,Firefly,2015,hyperpop,the song was subject allegations fans mura masa that accused ariana grande ripping read more pavements burning into gold embers risin night flights back feel static and awe tripping wire surrounded time see this mystical sure you know just say youll firefly take everything nothing all yes rather have than starryeyed under folds images pictured skies trickling tried close negative weight
ericdoa,dancinwithsomebawdy,2024,hyperpop,zetra got your message said were leaving right now you was hopin that wouldnt find out didnt know for sure but had doubts yeahyeah and the nights strung baby youll just end dancin with somebody please never remind one point life ever wanted she pretty conniving giant waste timin always crying some reason like truth told aint doing too well girl dont need help brain feel dead cant believe myself use yourself tried hide from hiding ill jump through hurdles circles wont give clue thats all heard somethin could offer bad reputation awful things ima grovelin better let pop shit doa stoppin him not lockin can watch how quick turn friends youre involved option loss loves nail coffin careful cautious presence toxin knew when walked wow hard
skaiwater,#miles,2022,hyperpop,think can talk out maybe about your daydreams feels like million miles between you and without want leave take control let know cause cant stay here need give name sure play them mind games ill show the door tryna learn from mistakes only got one more chance youve been burned all these just better man lik lave god
100 gecs,hand crushed by a mallet,2019,hyperpop,was tryin find way kill time didnt even get tell you goodbye now youre gone and cant ever say this feelings goin head thinkin things shouldnt circled inside room couldnt another day god what the fuck take hand crush spill blood floor aint scared think theres more make stop took too long here right car smokin cigs bar dont want got bad intentions never wanted made your mission wanna hurt one but just went fun hear lookin for fight corpus bride shes workin mind its not enough fucked last try cannot were studio playin all work play talkin business aimin with weapon hit list felt compression ill haunt wont words when write youll singin song thats okay sing along copy everything wasnt
brakence,deepfake,2022,hyperpop,using imagination dont know how much more can take cause gonna need than sunlight getting shape weed makes panic and lexapro drives insane tell you what love when youre sick the brain two thousand miles away why stalking your twitter lying awake show true colors left life got gray cant get over yet built hate but despite all lies projections hope okay not want escape pop ego deflates starin down ill surrender sound just find out that was fake behind smile pissed wont showin emotions even tellin close friends fix now too broken witherin this way think always makin mistake eyes hopin neck breaks hardly copin lost while its fluke tab pocket use justify fab prophet produce beat like laced nootropics blow fuse repeat eternal state neurotics splitting hair vanity fair leave body wear bring hell could lie were one play mind couldve done keep wondering write time help picture ending month baby try fazed straight flushed with poker face then start choke own weight whole personalitys someone else place thatd feel better settle for endeavor die create fail ahh bloomtodeath excited about dying blooming umm
2hollis,cliche,2023,hyperpop,were kids back then and know you wish never did what but well guess youll live learn counting pennies going the city its good fun sure aint pretty how fall goin upstate for few days should come dont late ways your face shouldnt can stay clich ill buy bouquet sit down cafs make out rain might not ever same game play with once twice too much had dream last night said love first time hope alright fine chainsmokin heart broken open cant say own stole clothes soaking racing this moment aye
glaive,astrid,2020,hyperpop,fffromtheheart you look pretty that dress but better gave everything ever had even sweater mood always shitty like north carolina weather saying than have met her theres this girl named astrid never knows whats happening she does whatever all friends want thats without asking really dont wanna grow alone mansion god cant imagine tell reminisce about the past stuck inside head should bag and shit calling works for seems last goodness gracious ive been good cheap flirtations feel puppetcontrolled animation holding conversations
Cybertrash,play pretend,2022,hyperpop,youre ugly hate you one two three okay say youll never love again guess were just stuck friends and this how always ends tired running round dont play pretend baby think mess met the wrong time depends only listen all mine better thats what told but its alright uhuh when alone your room times still haunt too really mind rally lov nah that want none wanna
ericdoa,fantasize,2021,hyperpop,eric first previewed this song via nowdeleted instagram post read more one two three four youre calling crazy and thats thing ive been feeling like lately made attempts just save soul afraid have let you could fantasize said not your type dont wanna waste time stuck state mind saw that called last night depressed but know why spent whole damn online checkin say fine baby what need escape all problems only long sleep about doubt claw the surface drowning memorys cloudy always gotta right care yourself nobody else picked inside now taking off belt tried hide things felt dodge cracks fell whoa ohoh
brakence,introvert,2022,hyperpop,bloomtodeath whenever approach you always getting close sayin out loud take all the autumn wind will blow through youre never gon find said curse that fallen angel how scrapin scheme serve plot dont get fucking way and know gonna raise hell one mistake after another forgot not want save boy love your girlfriend shes youd ever need cause her comes straight from source force social greed doctor bugging but swar choke keep talkin circles could trat like joke had wouldnt have nah couldnt theres nothing left turn puffing virtue just wear crown see look person good took hollowed whole room now cant make sound are proud hair tangled gave body let rot think wants spot ahh for lover new persona oklahoma its pure dissociation maybe already dead spendin every moment with this existential dread shaking swear treat missin something baby thought fuck global domination soul mine fatality master money ugh listening masters shadows tell dear lady can navigate hes monster uncertain future without exclusive content shut there nowhere run state suspended animation magic dark side death here evil being carried winds change hahaha yes noble sacrifice real king message twelfth thirteen quiero tenerte brakence has been successfully eradicated came conclusion would rather selfish art than higher purpose when hit replay ask yourself these questions who really where line between because man idea only wanted say typin cue fuckin hate died montague chasin found truth solitude concrete proof were screwed eating lucy sky what tryna made thats lie point view shit
SOPHIE,Immaterial,2017,hyperpop,the track has been read more immaterial girls boys immamamaterial were just could anything want anyhow anywhere any place anyone that you and always same never day life after without legs hair genes blood with name type story where live tell exist was lonely girl eyes inner child but matter youll here heart dont even have explain leave alone now cant held down form shape anyway
Madelline,Dopamine (Split Brain Version),2024,hyperpop,youre everything want tout que veux need dopamine keeping awake and its sommeil mchappe petit matin thought were break but back again tai dit bientt mais cest pas fin now lost the comfort bien perdu dans confort you turn more than all exlovers rends peu folle prend trop deffort youve heard secrets ill never tell sais mes mme les cachs know better myself javoue connais mieux mconnais nice wonder chouette jai pens what would life like had known toi barres quel point changerais oohoohoohooh mmhmmhmmhmmh cause world turning blue beau monde est devenu bleu theres nothing can contrles avec trs when always fingertips sens jusquau bout doigts that rien dont besoin lately hate way making think enfin jdteste comment tenvahi tte moment wake sleep rveille avant mendorme daradadada daradadadarada every time control chaque fois pense jsuis contrle serve another cocktail chemicals sers qui rend are lifting just pulling under estce mlves rabaisses sans remords feeling cant resist sentiment fait partie moi
Shygirl,mr useless,2024,hyperpop,never needed you all these pieces heart ahah mister useless from the start dont waste your time energy best ever been and ill cross mind just think taking care anything that need baby ver feel now car this keep love promise youre gonna call
2hollis,light,2024,hyperpop,had walk all your stairs feels unfair can honest girl think off youre taking away more than giving you gotta stop play nice roll the dice ive been losing mind life see code eyes here one time were playing give try disguise kiss lips light from mor dont
Whethan,Savage (feat. Flux Pavilion & MAX),2016,hyperpop,she got loving the morning singing pouring rain wrapped around her finger perfect palm your hand message couldnt much clearer like metaphor makebelieve but somebody wouldnt pinch that would end this dream well pardon manners just something about you turns savage ima honest cant help stay losing balance running circles please what need and baby every time walk can feel magic air promise aint drive tryna sweep keep here
Full Tac,SIMP (feat. Lil Mariko & Rico Nasty),2021,hyperpop,god lil mariko that you bro your biggest fan like would anything just out date with buy things for know smell underwear goin full tac simp want worship get down knees cant even talk shut did not hear youre pathetic almost feel sorry but dont sad cause really good aww can human atm pay pig fuck incel lick evn wanna nope got heart little boy toy hes doll lets wrapped around finger him his lookin touch please handcuffed hands the bed and teased til was rock hard heavy breathin way then fuckin leavin hate ass bitch limp dick car havin low bar whip obsessed its contest aint gettin none this right here let make clear pussy too give hell crying bout haha silly
brakence,venus fly trap,2022,hyperpop,first teased multiple weeks before its release the track finally read more hypochondriac think you blood pressure spikes ill have heart attack using imagination take better when she dont even ask three chords and all over nasty got smothered caught buggin her last week leave scar soul cause smarter fold bugging smartr laced with poison cant escape rush this aint love boy youre just pickmeup gaze medusa locks rattlesnakes debuffed need purchase girl give like god damn slid now were breaking ice concoction hit dilating eyes fuck options pulled didnt try was hypnotized soon lips met mine forget corpse spillin backseat shes undercover trojan crash seein stars road repeat obsessive laments turn stone curves weak wan get alone can tell freak invited pity party but home hope leavin nobody fate sewn shell back place say shit face make mind things see smile know made art entertainment carbon coal card decline costs control let integrate until then gotta ohoh stop crying dance floor rhyme had plan for top fall deep vaporized til our fates aligned frayed twine tethering space time into trance your programmed drift these words use voice head thread that pain carrying regret knows remove grows through throat chest tears glowing muffle screaming out only remember hifi stuck amber honey headache split wide awake hide left nauseous
Whethan,Good Nights (feat. Mascolo),2018,hyperpop,the title good nights double entendre night simply literally states evening read more back colorado baby seventeen years were childish playing had time make push all our problems daily polaroid shots mountains and high radio love said wed never ever let mirage perfect fuck making dreams about lives stars babe dont you darling cause youre that know why did change your mind end now own maybe ill call phone just wont alright someday patient minds wouldnt hazy have look through rearview mirror saturday lights couldnt get much clearer faking feel days every way break down lines they fall easy but faded fast
Yameii Online,Baby My Phone,2021,hyperpop,its lit name yameii hello beep ush skrt where has the time gone feels same you seem like python cant fuck with snake ive got answers memory banks strike panther make mistake back shit dont know nine clip catch someone lacking nothin about losing only problem can think
SOPHIE,Ponyboy,2017,hyperpop,prior its release was performed sophie several times most notably read more ponyboy pony boy lock the door put all fours crack down whip make bite bit spit face his place your toy just little you can call step clutch feel hot blood rush switch out light trot two pull reins grease mane harness well gimme that fast hes treat him like one did baby she they
Isabel LaRosa,HEAVEN,2022,hyperpop,heaven feels like god himself under tongue thankful found the lord while still young wont open his gates for just anyone floating touching ceiling how hell are breathing never had much believe but think seeing searching meaning distractions keep fucking life guess shit happens everytime blink passing nevr
2hollis,whiplash,2023,hyperpop,coming home want you ready for your phone while get getting pretty shh youre fucking now were all alone see what can goddamn girl one the run but youll safe long with here fast guess thats just way that are glass really even know who whiplash kiss back would still love played cards heart attack babys comin right thy say its wrong fuck baby and mad more wishing yours keeps when watch how moving damn come bbback backback ayy iii
brakence,5g,2022,hyperpop,baby dont crutch when this shit get gory got that radioactive touch from purgatory she heard the story ive been wearin demon barely eatin scrollin all night thats why cant grieving break down like what does mean exclusive position damn easily think good intentions decency but really person need put pedstal and liked nine tweets gettin tightness chest make grind teeth ima just take another edible old friends they hate now never gonna find feet always puttin myself above you feel important gon dub rewarded rerecord nah your love supported feelin gut dread every morning heat distortion its eyes phone reason head out regret read overtime nothing net feast open mind budget feed theyre farmin our attention for buck are people eye using resource start were fucked there aint recourse profit off keystrokes playin into fillin plate unstoppable source burnin any minute die hope buried forest left torrid gift write chorus ahh layin waste new biome case iphone waters laced know hollywood gotta repeat give hollow too busy dreaming part hypochondriac blood pressure spikes ill have heart attack things
Nova,Whitley,2018,hyperpop,and ive been looking for you these other bitches could never find exactly what being this chase has finally got sick all new faces just cant get used after know over more cold time goes girl that its with damn day think bout dont play little games the daily saying praying dream not through need side cause moment please hold see want
2hollis,FORFEIT,2023,hyperpop,done two forforforforfeit forget your left itit gets scary the nightiii mist ridge hallway regrets theyre all dedead dead sore voice boys rest ayy aayy saw tthrew far end youyouyouyou took part party makebelieve are not hard read dying honestly uhhuh give you girl away she said ill wait for make tru gotta run ive been move with baby well news ahahah wwwhatevr want true win never lose always youll nah loo wewe hahallway nono ththrew farar
glaive,heather,2021,hyperpop,woah dont like how you talk constantly and probably thinking wait what could offer need all these changes get off they watching where will heard this rumor bout him but know its true cause ive never been better gave that bitch astrid sweater bought another heather got lil baby make lay down grown men askin questions now want everything inside his pockets shakedown swing man jumpin playground ayy from bringing times when wanted anything those things hard head not nothing new hit last night look for some think fucked youre making choose had enough quite rough being stuck shut your mouth tryna dawn til dusk well house shit turned jump the crowd mia one ever seems ass much smile her just laugh always mad brush act cant help after happened come cannot selfish swear
midwxst,223's (feat. BabyTron),2022,hyperpop,enrgy made this one you hear that aldn thats what real niggas sound like got him mad look his face darth maul ringin brothers the them shots call gettin paper stay hands feel paul said wouldnt tell and then did damn fault money eiffel tower bitch know stand tall been off phone get bag dont need calls aint make fivek day withdrawals tried hold down well now they pissed some drills construction with sticks thy play percussion brodie shh keep might bustin fuck gang hope suffer repercussions pens words are fucking weapons mass destruction run show jump bitches doubledutchin really not even russian city tryna slide but duckin man bro hand trigger ready right let word boy chris chopper dance tiktok casio all wrist bust gshock ride round glock say spot beatbox latina girls dms mamacita had life livin shit loco momma mia talk about family shoot from paint hoodied black fit body kevin durant perfect done saint lost fuckin way brought pain bail out any steppin gon tuck chain hardest comin indi name told kick cup cant stop sippin drank type pick soccer ball hop walk finna pop brrt sick think shinin went copped palm buffs card scorchin shop malls much woo haha hot stuck microwave maximize hit micro top have fight your where tie leave psycho check profile credit geico tough snatch wood light lil pups aim for ankles bite these back jubilees race vroomandzoom guess will see catch jabba hutt red cap
Endie,love like that,2022,hyperpop,time after the world spins doesnt stop when you feel like should how could living your best life youre always online typing line and outside realize whole waiting for but now lost cause never felt love that first date breaking back overthinking worst weight promise friend let man impress questioning sanity bring out cant check clock think checking then running round dot someones ahead can dream someone lean promises keep wrong dont know whats gotta head straight wanna look past only sixty dash itll last try little harder punch hundred farther while were trying not crash our car gas its all messed where enough ill had woah ohoh one collapse knew would burn wouldnt swear
Ecco2k,Amygdala,2022,hyperpop,valhalla calling fallin forever dreaming dream see the sunshine sometimes destroy and create uhuh everybody know knows how that goes moon sun fear love everything part head heart light against dark earth star falls rain snow what you are two one fall there always was want iii iiiconic iconic its time flirt with faith flirty crystal rings name beauty beast walk signs upwards glory fame elysian fields endless flowers sing hymn perform lifes work these extremes
Madelline,Crazy Bitch,2024,hyperpop,like goddamn hurricane raging for days lost got madhouse brain you can come want went the doctor she asked explain what are your symptoms said think insane then youre just ordinary case everybody else ive seen today its okay pop those pills sick not crazy bitch alright youll fine stomach tryin prettier wealthier happier healthier version but nothin workin startin see why someone would wanna put out all their misery ahahah used was better than prozac abilify wellbutrin adderall told myself didnt need any meds depression and lethargys fault stronger work harder get over honor values visions dreams that matter finally prioritize take care neglected physical mental health pretended have problems had tools needed solve now some experience taking thought were serious feeling capable grounded curious turns werent mysterious zombie delirious doc hearing this
tsubi club,laced up,2024,hyperpop,tsubi club first previewed the track demo his soundcloud sometime early read more ill make myse view from there was kinda nice action slow again these are things dont need anyone know okay sample code oso run who got running feeling thought knew forgot neck against ceiling wear suit tied for minute couldnt prove drownin sent them location paid vacation cant ever show face shit fallin when its silent call undecided might quit aint pen dot and wrist lock wont spend all money some want snse chest knot stay whre sunny leave block said enough did fuck benches load lace forces luck feel tension dark wishing wash dirt off cuffs write just gimme space cited lined come pick pace you losin race partners runnin away tried feelings alright shinin now feelin ride out whole mob mission ima til die life shonen alive intuition take own advice home handlebars gas light burnin under stars believe safe sense where hate thanks much would this throw everything laps end right started that wood bridge roof apartment
Mura Masa,What If I Go? (feat. Bonzai),2017,hyperpop,wherever you going with babe baby will and must definitely wouldnt miss thing just know luck the draw thats lottery won gem rough could your finishing touch dont away nah really like sea lightning shining brightly through haze little slings arrows smoke mirrors blue icy meet gaze light blood loss slow get hard save fill head madness good bad one who got every night spent without face has shuddering solo longer for sure say well
Shygirl,4eva,2024,hyperpop,stay playing your mind you think forever basically could all the time aint never satisfied please with have got pac keep good and tie sway body hit bab give that today too rough thats right like way say what want every move make such thing bad mistake feels should then baby mindmindmind wanna ride show tonight que hay quieres inside come atr beb dame bueno hasta amanecer see stare ill where gotta fire
tsubi club,burbank house,2021,hyperpop,its cozy here dont want leave runner boy check gave all time bench learned from the and keep chest huh spend bitch club been for while whats question uhuh wanna talk your best friend gotta lie pick one done see nice try two times how you miscit this low tide cut ties threads wrist trickd fun catch sweat fist got twenty with that lifestyle couple bucks pocket make worthwhile ante chips guess thought thing through looking back timeline call what lot but friends ima knot out loose ends feelin alright settled inside
LIZ,When I Rule the World,2015,hyperpop,rule the world when then gonna make you sweat dog collar round your neck knees and scrub deck theres spot over there ill drag hair rub whip dry til tell stop throne its total freak zone can call mommy throw bone better bite that youre never going home break hit lick little girl should say cause things are way get down please until work brring stay alert keep pushing hurts now look whos sorry theyre answering wear crown all people bow daddy proud dont youll bound thrown pound woof worldso
Whethan,When I'm Down,2016,hyperpop,head blows when alone inside out might explode shut eyes and mouth legs just gave why the world would you hit down get lost walk turn hair knot stomped ground youre theres way around
tana,Living Lavish,2024,hyperpop,living lavish baby wonderful she pick out whole bunch bags only getting one told lil shawty slide the crib you down fuck just been poppin them tags because pockets filled know how love dont none someone fine pink shit glass and aint sipping wine sip gon rush this wait til its time goin all way top can come with thats grrah got two bad hoes spot they gave heart cause kind bitch quit drank bleh get too high cant even think kick cup that embarrassing what were before knew her name gotta drugs caused pain but motherfuckin slatty glaah
Ecco2k,Calcium,2019,hyperpop,think fell for someone whats going still covered dry gloss and cant take off its just myself the two spend some time alone with you now youre only one ive got thing crazy dont back again hard hide but easy find lost shine star cross eyes heart blind hydrogen peroxide lime ice silver lights let oxidize been rolling oxen bone double crystals kiss nose baby through phone eccok all hope smoking dope feel cold live islands made stone rob that nigga his coat twentyfive thousand silk road glow obviously not gold tried keep went broke steaming hot they want smoke hole fine can never mind try happens afraid anything unraveling panicking like paperthin tearing help please give calcium fracturing need bandaging marilyn acting this might end seeing evil men imagining them flying sinking same being pulled from below above true friend every direction once
Isabel LaRosa,Favorite - English,2024,hyperpop,say name want the neighbors hear your body feel boy you know theres heaven near promise dear its only who has and heals one can darlin favorite ill girl let taste what just take tell crave names whatever make were friends but when all alone give pieces soul youre see with eyes closed baby please dont ever get cold pull where mind goes love control swear angel places pretty god that painful whisper things put hands around neck faithful soy celosa siento
Jane Remover,Flash in the Pan,2024,hyperpop,cant live with shit the air what thinks about mind and body all while really blame you wwe dont have single thing common left patience back street station got thousand miles next life everybody think they own piece want little taste can bite said stage youre thinkin other guys front see your eyes baby girl lie has whole world then some palm his hand jealous trashy for bitch credentials ppretty boy was just flash pan could take her flow man know how bad wanna scream name must buggin who finding words say not though wake find out its true dreams feel from away bout never get lying like voice way sleep crying ahahah hes girls wrapped around finger tell that newark penn iiii laying tracks metropark waiting come save eeverybody yeahyeah
A. G. Cook,Lucifer,2024,hyperpop,someone you know head youre rent free sitting right there looking pretty eatin ice cream watchin cant remember left rude dont hesitate call lucifer take away life support click over theyre way too attached need multiple unconventional uhuh all these people think they the things reme
100 gecs,757,2023,hyperpop,sevenfiftyseven ill never heaven ive been smokin since eleven told the devil hes lemon its got problems with spending all these horses engine doing eighty thirty but hurry screaming ladidadidadi wanna party drinkin bottles moscato takin pictures model stayin until morning wish that was more discerning goin wild like coyote wheres water somethings burnin blow out blunt smoke sound shotgun wanted went and some live dog years feel twentysix old bitch learn new tricks better quick end green bricks you say real trees they look little sticks dont tree sized dicks smell when colorado interior gas station mcdonalds left cell phone dead house see stars sun goes down somebodys making money off way youre talking youd wear condom cowards sons everything smells shit
Isabel LaRosa,Closer,2021,hyperpop,loose jeans green eyes smiles never reach his always seems control faded levis its all just disguise doesnt have get close you know that see through the masquerade youre scared but promise youll okay wanna closer head your shoulder talk about plans when were older getting coldr maybe sweater warmer talks like knows girls wear clothes hell give them away tshirts draped over bleachers theyd look too good colder
Yung Fazo,Adding,2021,hyperpop,many bitches wanna baby riding round town damn mercedes huh not game you cant play card trade was just calling back let know that love deliverthecrush been thinking lately pay attention servin white like the fast car nigga race cannot erase taste why these hoes chase cause all this cheese can fuck your make her happy hit from she call daddy tell lil boy max gladly got bad bitch trashy nasty point cash please rad when sit lastly way came but have counting flow adding okay lets get rackies delay woo buh run gang face erased man off gas and its taking space smoking good away pain feel what getting shivering millions latina think brazilian stop making money til bank account billions woah talking down come pull with stick grrah diamonds wrist clothes rich watch how switch show moves every time song bro faygo shit
2hollis,sister,2024,hyperpop,touch skin hold onto dont ever let you honestly can take joke aint win get ill never know how girl love like sister cross fingers when with back smile til teeth hurt youre the bleachers room heart and put your hands tie them again fac forget everything throw off youv got learn spread wings watching gigirl lilike falling down
quinn,i dont want that many friends in the first place,2019,hyperpop,was first read more durao bitch you oppin flodgin posted watch list say that invincible okay nigga this one phone call and his brains well get moppin sorry hyped just dumb obsessed with violence anxiety runnin out options cut life like photo crop ififif they start bother off stop them why ignorant toxic dont want many friends the place most people wouldnt depend worst day circle small because not drama got problem then cry your mama antisocial antifun cause reject lifes prick need recheck best every nothing selfish always for somethin still walk around night lookin fight ask wanna know might rugrats stay creepin really tight switchblade rip make lose eye will come though dark room bright lights its hoco tryna snatch shit huh thats nono fuck next lil
yeule,Anthems For A Seventeen Year-Old Girl,2024,hyperpop,used one the rotten ones and liked you for that now youre all gone got your makeup not coming back cant come bleaching teeth smiling flash talking trash under breath window park car drop phone sleep floor dream about
brakence,intellectual greed,2022,hyperpop,using imagination wanted strength luck money and fame everyone love under reign when arrow dipped poison hit the path that take knew never had choice was all fate pay cost chase dream started starin screen now know everything boy tearin seams only god can hear screams cause how larnin like fool always uppin pace said wre chasin somethin beautiful get out way through power trips cowardice pleasure pain found devil are one same ive met end youre monster you told from start making evil art why actin friend nothin about ready ascend could double bounty motherfuckers pretend but data dont doubt stickin plan bitch movin devoutly already waste time hearin loudly climbing grapevine canopy above baseline invert polarity put hole spacetime regime king back fuck got ritual complete noble sacrifice open your eyes just breathe look wanna lose stop talk
100 gecs,stupid horse,2019,hyperpop,alternatively song about running out heroin mugging your dealer read more pick bet money stupid horse lost that ran the track get cash back just gotta leave this place with big bag found fuckin jockey and grabbed pushed him down ground punched his face stole phone put then drove porsche fell bank account woo swordfish dancer bettin fishnet carousel fast now racing horses derby why never getting lucky have any win shit god
100 gecs,mememe,2023,hyperpop,notably laura les vocals the song read more ggggggec back once again aaand youll never really know knowknowknow anything about mememe memememememememe mememememe when were together tried tell you used tap dance and was choir broke arm dad crashed gokart didnt mean mom buy your lipstick thought looked pretty but care cause youre always busy hear sound like joke talking take quick nod true say many things dont what short messages now think goodbye put palms face pretend cry ill laugh too fucking hard probably even guess its such easy game puts right sleep rationale cheap clich hollow callously could explain all away clean somethings sad way okay bet forget knew cool wooooh
glaive,icarus,2022,hyperpop,like icarus not trying increase the dissonance between you and your father know its business but just keep calling that youre indifferent cant help from falling ready one two three four were flying too close sun been fun she point looking for houses spouses call love probably say everyone shes checkin textin feel sisyphus cause antithesis pushin things work have fall back again take must think famous brainless every day ignoramus never ending story then ignore hate all setting fire room dont what else getting hot here because
Ecco2k,AAA Powerline,2019,hyperpop,crushing rocks with oyster card nauseous cant sleep off backseat some car ziptied move arms will ever whole again home iris black star and cross skin soft covered gloss powerline hold the charge
SLAY,untitled.wav,2022,hyperpop,yellow diamonds the light now were standing side your shadow crosses mine what takes come alive its way feeling just cant deny but ive gotta let baby dance die ganze nacht lang ohne feelings deim head bloody wrist louis vuittons und designer sie shortys dad shorty hat moves ist alles gut wie duu ohohhh ich woke keine gefhle coppe nur moneyey follow lingerie hab murder lass nicht auf bin ein taugenichts solltest lieber gehen glaub mir ihr vater reecht recht weit glaube allein muss raus
2hollis,safety,2022,hyperpop,why even bother asking someone need you tell what did cant see and its hard believe when get inside fucking head feel like jumping over the fuck are playing storm sober paranoid out but hanging onto safety could call crazy feels best all alone take never save myself own taketaketake iiim
Isabel LaRosa,without you,2023,hyperpop,darlin when without you never thought youd leave til left hate the tears bedsheets hope she breaks your heart casually breathe and let try speak know ill choke this how always goes hard sleep made youth now fuck for tellin friends crazy both youre just scared really date were lookin reasons watch put lips hers butterflies they mine first swear like hurt
CMTEN,NEVER MET! (feat. Glitch Gum),2020,hyperpop,takes elements from early music such pitchedupnightcored sound well read more you know missed the very day went away feel like laura les saying love plane and even though its been week still think your face blew all money trivial video game dunk head water can something now thinking times that phone would ring reminisce remember songs wed sing but hate every one used believe didnt leave cant trust anyone cause just left wish never responded those texts itd better had met missing when was with felt alone aaaaaaaaglitch gum broke pictochat crying birthday party for her friends this over them dont have pretend called barbie ken cringiest thing ive ever said hope bad enough call about youre glitch guy annoying keeps asking listen these bands pronounce hes making named cmten done him everything lies put mascara eyes see past disguise kinda hurt not life
Ezekiel,help_urself - slowed,2021,hyperpop,hate you though gon make this work through gone broke again off the dro headaches when comin home suns out mistakes someone gettin tired bein had theyre sad bottom lake bag feel its time now any day been while since felt way under skin and flesh decay bout took place met myslf life cell stay dont hlp yourself
brakence,bugging!,2022,hyperpop,you wanted know where ive been now youll find out got tab tongue goin twentyfive over the speed limit buggin bloomtodeath wanna love should watch what kind beliefs youre puttin your trust get car beehive heard queen died corruption hollow funds honey keep that teabagging cup cause gave butterflies stayin all night can make letting vices ill sacrifices wonder went tripped once for fun and tore ligament cant blame this ignorance falling apart baby hope seeing truth being view just weave anew new shit knocks too hard hit left hook them beat causing concussions playing song tryna decode boy aint need discussion spread heart getting ego checks eternal budget its bubblegumpop why still down knees saying green tea fallin did really start trend starting feel like never knew friends sunken eyes werent they something nice but modernize link rather finger fuck strings dont how lust king theres whole planet moneys spent god planned took his hands off intimate want playin instrument gonna listenin
2hollis,all 2s,2023,hyperpop,you know two aall twos yyou knooow girl tell the truth light catch like mizuno ttwo cocome all can trust god throwing raws taking everything needed now ill fuck but not when fell down bitch got cant look who think youre friend enemy burn evidence told lie three crazy this what means twotwo cococome see right front cccome ccome stay under give back iill
MUPP,vendetta! - sped up,2022,hyperpop,mupp broken your heart damn like shorty what got bad bitch ima leave with you walk the party mothafuckas better move mothafucka try put him news goddamn dont want fuckin cause came club mothafuckin stick ayy watch out motherfucker lookin for lick diamonds wrist brass knuckles fist stompin face pit might hit head hunnid clip wait lil that blade through his chest thumb tack this choppa gon have runnin been fucking fuck her until cummin crib and she somethin care they tell come body feel murder hobby coming off top feelin jeff hardy now its blood dance floor shirt from vendetta stomp boot get heads gettin fed pull gun mark
Slayyyter,No Comma,2024,hyperpop,dont need you that shit hurt brain giving off ick want fame better make stick quick wanna get rich pump hits good shtick spot lay thick pull new card baby take your pick picked then suck dick they piece but nuhuh agree with all ahaah know ask the kids club bout bitch love shashake shake drink holy water daughter full stop comma smoke marijuana kill motherfucker eyeliner mess pink glitter chest dear god must confess pussy hit best tight seethrough dress joint pressed lips blue silk hugging hips finally bought brandnew tits never stole kissed ass got tossed around from day one these label men look like prostitute cause fuck only paid for sex once maybe three times girl was fun throatzilla run swarovski gun something just shifted nails wicked put gifted jesus name addicted blowin sometimes theyre bitches
Ecco2k,In The Flesh,2021,hyperpop,the central question this all there read more who else wonder how ill find new love someone said youve got get help and cant asking myself flesh when ones watching cut head off talk out your neck one listens wouldve guessed grow face chocolate will kill you softly dust air tastes like almond crush inhale theres something want know what feels meet oohooh lets have some fun human body huh
ilyproxy,superswag pt. 1,2021,hyperpop,damn son whered you find this jaja baba dabadada number the beat memeine fanta schwarz meine weil ich sie vergiftet hab smasmasmash dein girl doch kann nichts dafr wawawar gommemode werf die bitch durch wawar klau deine berfahr deinn boyfriend mit meinem fahrrad wir sind kine freunde bist bastard keine ein diediedie hoe ist bipolar wie kanye klauklau und rufst dann mami eeey kommkommkomm gomme tretret kind weg just for fun unund der hurensohn heult rum digga was willst mir sagen opfer grindest twitter sorry mister simp kommt weie ritter shit mann ichich glaub muss mich verpissen steige auf mein bike geh mal driften mac and cheese miller mach den track inin ner villa haben cash das behindert jeder istist killer jaa hahades stinger grogroe bandz zimmer kanns behalten bin finder dasdas finderlohn kmpfst nur hungerlohn tracks monoton fifick cabrio dededeine freundin siehtsieht aus mario undund vater sieht wario
2hollis,say it again,2024,hyperpop,are just friends take offense you wanna know whats next cant lie that kinda depends say one more time for love best too want again aga why dont and watch stalk catch staring sorry cocky obviously get what blocked two three
Slayyyter,Daddy AF,2019,hyperpop,been fuckin models poppin bottles all night playboy the grotto put your face boy alright daddy fuck feel dddaddy dddddaddy iii whippin pink truck wanna get guts lickin clit til nut suckin and makin you bout bust please come horny
glaive,i wanna slam my head against the wall,2021,hyperpop,the first half song sees glaive read more sometimes shouldnt text you act just like know try best catch she wanna perfect its silicone for last two years ive been all alone few peers hope fucking choke brink insanity inside own home slam head against wall til cannot feel doesnt really likes alcohol watched idols fall might end serotonin need bad mad gloatin and txt has wife but loves his mistress blink twice miss much jealousy vindictive worthless pot piss
tana,fear no man,2023,hyperpop,love you zodiac right now vanguard saint this muhfucka shit good beat turn dont fear man just wanna feel somethin tryna kill slatt know the half lil bro school with them packs dope too cool why mad pockets fat lets get sarea left she sad cut off bring bad bitch rocks send home nigga say her ecstasy have sex drip rock aint cheap whn highrise bnb highris high can sky come yes sir haha iii something
Goldie Boutilier,The Angel And The Saint,2024,hyperpop,goodbye gone long ive paid dues have done time got wings dont need chains cut the strings feel shame angel but saint good luck take all and mean did what had make out alive
bnkr44,GOVERNO PUNK,2024,hyperpop,dammi una citt governo punk sono dio che regina salvare sotto temporale met cachet star unidentit cui possa scappare fammi vergognare parliamo soli notte prigione con gli occhi spalancati labbra silicone pezzo dei blur locale spaccare perch giro non niente provincia nebbia stessa dal scrivo dentro garage mia testa collage canzoni momenti tristi finito chance per chiederti porti via dai miei incubi vizi due tre qua novit lanno verr vado anno mare stamattina lavo denti col gin metto soliti jeans nomade attico chic abitavi beverly hills pare damore mezzo rivoluzione pettini capelli calibro metti altro film queen finisce male pensare questa sembra maledizione restiamo fermi guardare tramonto televisione one two three four competizione nostra generazione
2hollis,teenage soldier,2024,hyperpop,ayy heard your voice last night you didnt have call back know youre not alright say that tiger the cage hes looking for prey think this game remember name mirror dont see someone took her out dinner but shes crying way home were used guess theyre right they things change keep tlling little jokes cause gam
Luckhaos,Bonde do discord,2022,hyperpop,goddamn ready batendo meianoite hein vou pro discord rapaziada invade postando gore servidor palmeado moderao dormindo chat geral travado porque bonde posta rindo ela quer vim ahn adiciono meia hora nessa call deixando chei sono menor gravando tela pegando evidncia enquanto mina fala merda meu tem gado usa mete tiktok uma punheta tanka invaso sem freio adm sempre mano mais feio que rende pras mulherzinha querendo tetinha pego zap dele meto logo travadinha fecho com meus parceiro modo ultra caando filha puta chatt
YULLOLA,Body Godly,2023,hyperpop,all the bodies wanna party feeling ready lets get naughty why you wish star your dreams are not too far only here for always dance with body remember youre godly can right hold tight sending love into night believe yourself cause dont sad had dream about last were riding magical dragon through universe and held let
ericdoa,kickstand,2024,hyperpop,woah kickstand with your bitch man when hop the beat ima step you know that crackin shit like play for mets youll never just give rest keep direct buck and its aimed head bow miss then take off legs quiet dont flex can tell lil boy said was leanin heard one song but she still big fan beef not squashed could got all choked fell quicksand grownass girl need lie too seethrough came strong didnt mean couple little things really teach tryna say been wrong stack get rich gone okay makin hits these boys make songs they sauce wanna stay night think gotta end changing mind stupid sending home rack whats push show love much worried bout fuck
glaive,minnesota is a place that exists,2022,hyperpop,you and will pass the time but nothing more cant seem find peace mind smoking cigarettes with pretty girls inside head remember when said youre less then ashed your dress fucking hate tell upset just getting shit off chest might kill lay down rest family that went minnesota lord fucked this dont like its despise try convince aint real man deal
Lil Mariko,"Hi, I'm a Slut",2021,hyperpop,wow you really think hot enough slut thanks hello what want dont give fuck nope post titty make simp nut oops proud bitch smile when suck the biggest doesnt matter your dicks cut nice always swallow heard its good luck mmm giant whore yup got boys and girls door knockknock skank everyone til sore ouch threesome foursome more messy worldclass hoe get dicked down everywhere okay like fast slow that postnut glow one two three four wanna five six seven eight call feels great pussy ate big honey look sometime well youre thank god honored thats sweet aplus trying fucking world but not with gross sorry gargle hoodie mariko whistles out going full tac
tana,hell yeah,2023,hyperpop,the track was first previewed within january read more hell nah dont wanna hear your diss just spent two bands rick hurt her heart gotta fix that mmy with they mixmatch get lick back popped like tictac tic and tongue goin zigzag gon bring guns out give move pack through mail this gas good enough sell tryna can tell tried but boy failed uuh uuuh ayy stand money tall hoop swear could ball love you girl aint fall she lil shuffle futsal leavin witness care what saw promise used broke now ima balenciaga all take pluto keep true though when older buy twodoor four got some want check score hit phone ignored scored pint pharmacy galore bop pink come tana
Goldie Boutilier,The Actress,2024,hyperpop,treat like toy grope kiss you can tell when stand sit ask for permission forgiveness take out and show off buy gifts mark its one ill hit make just wipe lips what say cause wrote the script actress this movie youre doin her not glamorous someone should sue boy toughen call man till cut react cat hot tin roof laugh command honored waitin your office get check youll smokin cigar phallic hollywood boulevards got star grammy oscar tony
oaf1,think abt it,2020,hyperpop,oaf you know where are what were dont look back just move think about lot though young life fast almost done cant enough eenough ggimme one pill iill this shit againaain can not feel ahah youve been head woah real tell said heart racin molly she facin drugs like patient wont talk basic want conversation wanna wake the pavement love lost cross and found again stop ima addicted old ways take into days
100 gecs,Doritos & Fritos,2023,hyperpop,okay went france get some new pants greece something eat hard please ill punch referee bruised knees pissing the breeze saw beach bought tee its hot deez one hundred degrees apply lotion swim into ocean but there was commotion sinking floating with and tvs tuned cable sleeping when able loud hurts brain bbrain doritos fritos cheetos mosquitos eating burritos danny devito jeez louise weak joining circus going berzerkus elven drinking beverage lying strangers looking for danger chewing bazooka swimming cuba dont look medusa shell turn you sto said shit all gots then give those fucking bee flew screen need sleep down that stone stop
Luckhaos,Amor hospitalar,2022,hyperpop,ahah amor hospitalar esse surubinha hospital comecinho janeiro essa histria especial vou contar desde comeo acordei fudido com voz pouco rouca parecia que dormi engolindo uma grande rola garganta inflamada corpo bem febril postei logo status nasci cuzil brotar upa morrer espera fodase eduardo paes odeio crivella mas fazia ideia iria rolar bukkake cadeirante cheiro porra fosse pandmia experimntar idosa enfiando antebrao meu ela tinha sndrome parkinson ento foi top fila entrada dedaram quando olhei pra trs cara piru era mendigo ele estava muito teso lado minha policial militar fiquei indignado fui nele reclamar disse tambm tava naquele momento tive clareza respirei fechei olhos senti buceta coisa mais estranha novinha gente doente maioria velhinha menos esperava passaram pau desacreditado porque dona gertrudes nos dela petrificado sussurrou mim queria ver taco pediu nudes
2hollis,white tiger,2022,hyperpop,think goin crazy and what saw stayed with over again trippin words got runnin mission gotta tell myself they love its not fake white tiger break through take move dont lose man proves you must that stupid like the fuck doing why losing thy winnin this one some money brok inflate ego give bro lying said fucks brush off shake fuckit out
Slayyyter,Erotic Electronic,2023,hyperpop,erotic electronic three more seconds til get naked when were both alone you cant take like out latex wanna have some fun fuck the dancefloor wrap your hands around and touch body can see them watchin but dont care this private party dance fucked hold friends
glaive,ive made worse mistakes,2023,hyperpop,course wish that could stay but both know ive gotta got some things handle and people console you smile eartoear kinda looks bit weird dont mind started going therapy fucking finally youll never did like dating girl she was such bitch hate sound pretentious time this died then youve lived meet guy somebody nver yah ash hope save yourself cause everybodys dying are strange show its okay looking now wouldnt change damn thing piss off just for the hell get couple tattoos trust will take advantage isnt always because mad learn from fuck see
Slayyyter,Purrr,2023,hyperpop,meow drugs make this kitty purr err coke work money brr molly pussy goin berserk bersererk bumps the back better wind you know need bad wanna pass that bag watchin throw want catcatcatcat pop club boys fuck with bitch like going
Rebzyyx,nothing last 4ever,2022,hyperpop,nothing lasts forever should just die together take new home dont feel alone your place that feels like wanna anymore please let know you baby can where ever blacking out the only way something turn around why youre mad falling down enemy for tonight treat right ima life tell all these lies and time want real fight pick phone were not perfect but what love story would ill reach when its hard will break apart always here next
food house,8 now,2020,hyperpop,look dangerous like really could get you crossed out one wrong way shut down precious okay stop crosswalk them right wont leave the pit until bruise none our friends have cable but still news sick your poo smell yucky shoe would knew werent for who youyouyouyouyouyouyou youyouyou feel shadow might say damn rouge bat and hes built big cat now its splat twenty minutes later chat jealous spiteful this that used fantasize about being kissing skrillex need delete twitter cause gives fucking mental illness foaming mouth put mento ass off wanna shoplift shit from walmart with while blow dab pen into throat happen dont speed half ten straight download thats phone know mind control everybody trolled what cant helpless waiting somewhere messed hour ihop run away turn corner lose wig ears bye cops barnes noble heard youre fucked crib eatin gerbers not frax fuck are talking eating jesus dude just sing real lyrics going destroy planet
tana,Antisocial 2,2021,hyperpop,ima tell yall what said bro hes versatile most likely really blow very fast and soon because can anything any beat fuck goin maajins you mudd haha woah iiiiim with twin finna bag louis then cop crib the north side thats gang cannot switch brothers lil stay your shawty speakin whole nother language she say that santana not human course put boy grave mak sound gettin his corps shot tana socially anti told her girl antisocial iiiii dont like bein round people sometimes public keep sayin antilocal wet every time hear vocals pull out chopper shootin til start jammin its over from jamaica for second bongos feel dami cause take work aint talkin trabajo want smoke light honda civic had ride through chicago down call shoot semiauto make corpse bring dakota but wanna there block see nowhere one only him lean pourin four here man singin billie eilish bullets hot they knock off eyelash opp nigga textin write back playin niggas ass free throw wearin mink coat how many hoes got cinco phone askin love think sons mufasa bout mingo still play gadgets slide ratchet sssantana wit uzi brand new patek cant lameass just cappin ready panic never ran track hopped motherfuckin country spanish world war way gon cannon iii doin shit these let talk ill damage shooter stutter wwwet salmon countin bands pennies racks been minute since linked give eat benis benihana open mama shout autumn all money hakuna matata know come get done poppin this molly fuckin sun feature twohundred myself was did two sit head fitted business yeahhehheh okay yeahheh masi hope crash blast didnt wan now suck technical red dot aim reticle bitch ridin dick skeptical pour drink chemical actin crazy popped edible watch pilin period decimal slump nyc die woo pick hands neck choker ugly look joker tallied poker soak nina when tote ohoh pop noggin crack egg run house hip wwe leave dead choppa flip gabby maybe fill lead gave lighter punch tyson will touch fighter hundred gotta cap baby liar front vette fazo burnin them tires forever uppin fire hellcat gango drippin who flyer gas slomo tired whoa cool rat wire needed untitled were found much building left dust made fool embarrassing videos pictures together thought would end longer contact being hit hhhittin cum right sunlight tried too line kind couldve fucked lyin hop trackhawk pushstart iiim sippin wockhardt hard gram pussy thot smokin dope rockstar roll wood lumber bih kinda fine number cheat care six bodies use rubber old doing age nah fourteen better than lot underground rappers actually buck some mainstream tryna telling wave might late
underscores,Stupid (Cant run from the urge),2024,hyperpop,good luck stupid girl just travelled cross the country exactly what she does home tweaking party cause already forgot that smoked need you little bit and nothing more dont feel much anything its such bore for sure ive given theres can baby call back helpless when comes fiending bad take out this town but cant same old world ahah her city drss make prtty even run from urge let see move now keeps leaving every month coming with report still acts like shes nineteen wont tell anyone turning twentyfour know isnt fixin fault mean tasted want all dress pretty understand life depends making work got might forget youre there
2hollis,GOD,2023,hyperpop,own more help cover your mouth girl youre not allowed hahaha here again you could love just pretend know lied but wont happen tried didnt meet the end let ill defend until girlgirl
Jane Remover,Magic I Want U,2024,hyperpop,think getting down with something and feel every time hes around now you wouldve thought was nothing but cant keep feet the ground build world from vision its takin inch body know friends they tell that shouldnt these feelings couldnt force out gold your mouth what say about theres make magic cause when playing just want been long since said love missing piece write last night had another youll only see him thes could use more than can ohoh cancancan dont got til taken have hit stage without his makin like way hands words new favorite girl anything number one ill groupie baby babyboy wanna touch all take pictures mess post online gave would life says handle lie
midwxst,i know you hate me,2022,hyperpop,ive been fighting with thoughts and temptations not good holding conversations bae bear baby please just patient want you here dont bed vacant every night fightin fuckin lovin know hate this shit love wanna keep goin but cut predicament wont discuss say ever wan face what facin one for chasin youre never explainin gone the weekends off deep end nothing makes sense watch walk out lif aint same since put past tense was playing offense now defense said were that crazy shouldve had better judgment lazy sit recollect while vacay known trouble when made much leave pulling strings then went ripped heart into pieces thought would reach life once theres comin back see your top phone textin matter though youll come running try backtrack cause head already dead gonna let rest peace hopefully will misery
Isabel LaRosa,praying,2023,hyperpop,prayin angel you like think that fragile god likes sit watch unravel cant see behind eyes knees but hide dont believe lord ill try painful its hard there and grateful faithful look for were able
Isabel LaRosa,i don't forgive you,2023,hyperpop,dont forgive you baby she really everything need its crazy think love her after just two weeks hate cause know not that easy hope breaks your heart casually still fuckin miss but trust every other girl youll meet see godll bring back shell never leave and then drive away guess todays the last time face
yeule,Eko,2024,hyperpop,acid tripping silver spinning scrape inside head shes living breathing unreal being who lives all this time always find rotting crystal diamond shining flying finding your crying trauma shaking darling shell insane with the fame she looks eyes full pain drove her edge and watched sky turn grey when cries rains echo ohohohoh ahohohohoh ahhaha echoes aching makes mental brutal cruel dark ritual mythical disturbing magic lonerlover ends tragic cut meat you eat out scarlet marble floor fall down below miserable rubble broken castle crumble tiara crushed two heaven crashes for ohohoh ahhahaa
Yeek,Only in the West,2017,hyperpop,sittin alone room thinkin about what ima music dont pay the bills for food homies sell hella drugs only cause they have and that sucks got cars ride bus unless board wheels trucks west coast blues okay uhhuh sing shes sniffin her keys hit tree now riding with molly mushroom road trip snack wont live life its fast pull drinkin bottle guess probably model know how act grabbed ass bakar never round when you need him else tell trust these bitches thats feel wake sleep are doing
WHOKILLEDXIX,CUM,2021,hyperpop,your eyes are red its cute want cuff suck crush and arrest you now look cum let test bbboxcutters dont wanna party fuck cant feel body tat check text said wildin ive had enough sex wasabi cause hot cut through the bass like instrumental better watch what say when dental all dumb shit out bando excited make fucking ken doll loud just piss friends off turning get kicks love makes dick soft but drunk gets pissed got ten blunts might hit one crib smash tempo grip that need fast whats skirt bitch curious talk mind not hearing hold yourself serious ill blow back with ear this meet face pull mia night bodies gonna droppin tend take souls way come his office little gift for drink til start getting nauseous could really affect brain exes they still sendin xos once them taste seem never first trap house hangin workers break choker aaaaah woo
ericdoa,do ya?,2024,hyperpop,tryna latch cause the latest know that you can think but dont say promised world never gave throwin out phone cuttin our relations over sweet nothings baby tell truth need just like your only believer ill make fool myself theres one else enjoy seeing hurting cant complain its purpose control woo been living under spell bro doin hundred body window ready for driveby not swag boy hivmind opportunist right time play wont start more petty shit get involved music and artist tripping being honest here hear speaking clear talkin bout bag caught mine going back signing names dot line damn fortune off topline then almost had call into hotline all patience girl ahead chance save this
brakence,caffeine,2022,hyperpop,first teased under two weeks before its release the track read more how this shit aint obvious you not even twentyone music snobbiest somehow still gon get done and for audience hold down already won know dope fuck guess glowin are watching master work quiet set using imagination ohoh blew out chakras need doctor sippin straight black whippin honda spittin too fast cant keep saunter give away excess cash greedll fucking haunt bad bitch with messy hair ive been own never cared good nothing why slfassured youre bluffing all personal your btter take murderin any beat send cause versatile but like then wont verse came vibe just wanted dap dont around boy leavin that deceased put underground puttin elbow grease takin back crown makin masterpiece from daddy house chorus stop hit double bound one goin south see sun here now gonna run savior harbor haven shits purpose tryna controlled worthless prime time gotta let find moment dizzy off sound mix potent ill break into components crowd thats omen truth gettin hands start shake thinkin rapidly seein circle alchemy booth til beats defyin gravity ears fuckin blessed curse best earth nonduality way lose myself method strategy solid ima death machine diggin dopamine keepin stay night make hardest youve ever seen fold pressure whether manic love depression every bodymind shift growin vessel half motherfuckers feedin essence brew cold they refresher wield art weapon past bullshit pit pulpit pick only perception decide use guide when type luck findin anyone got whole scene weighin psyche desperate progression bring closer perfection session linkin pain poised noise cap diminished advanced game minute
tana,prada (Remix) (feat. Lil Tecca),2021,hyperpop,read more woah blitt blatt woahwoahwoah ayy hol bop slide with that chopper want the yen dollars skinny petite yyyeah she model some christian diors and pradas call daddy papa csc them commas goat not llama talkin money then hit line plain jane can tell time good drank got out mind sippin red eye like dreads say fire kick her crib bye shoutout tibs you know thats guy been blowin lately old friends lookin crazy wanna have baby tuss lazy billionaire jayz back they tried play love ones who hate now exes claim tana gon shawty too bad dont better move said was one sad run ran gave him damn tan get rackies feel band man see guap doin handstand bitch solvin problems just makin its angels what check hittin mall really give fuck had boss cross crossed made mistake lost
Sadfriendd,Transylvania,2024,hyperpop,wait hold move like man cause she dont fuck with boys take fuckin blade and drag that bitch across her voice got venomous flow bout kill him the poise creepin lurkin woods think bears better choice see you ima rip your vocal cords leave body bleedin motherfuckin floor towa sadfriendd all these motherfuckers talkin but they not want action pushin out trenches had wax transylvania for lil know goin batshit actin really pussyboy lackin every word sayin always trigger reaction keep turn name into caption ill get satisfaction are frozen youre streets its gettin graphic aimin block demographic automatic put boy right casket dramatic youll wrapped mattress smack shit shorty wanna jack this when caught change tactic countin bands niggas wont fall
glaive,dnd,2020,hyperpop,the track produced jeff hazin who also other read more think this might end everything one shot two lost and wedding ring speak now hold your peace aint say thing wish wouldve cause baby youre fuck nah starting that only beginning brain going too fast mile minute live grenade hand somehow managed pin she dont like her friends shes just trying fit run things get little dicey really care about they doctor said fucked hes right evryone gaslights put phone dnd caus want nobody call wan see all texts you got bnb miles away from mall gettin yall chip shoulder doesnt matter were older keep folder over worlds fire least thats what told sorry for wait mullin its pity how turned out was well until opened damn mouth bad without doubt theres still cant figure lie constantly but with lobotomy never there ill die soon probably hair mama always life ever fair
SOPHIE,VYZEE,2015,hyperpop,the vocalist for track raffy who has featured danny harles tracks read more shake and make fizz thats what you wanna want them scream look its simple well easily need that something but dont know youve got twist your body twirl all around pop sizzle now squish ground can crazy then hand red white tomato soup really stir mixture thick let drip over give spoon lick jump get down low mix loco whatever theres nothing cant cause gon say mmm wow nice smash dripdrop just tell stay here ccccrazy
Baby T,Dois Lados,2024,hyperpop,vamp not again ahn gang huh sabendo frr fah bitch amo dinheiro mas odeio viciado mano tipo abre olho toda histria tem dois lados confiana famlia intuito meus placo micoleo zero peixe lobo guepardo cinco trs voc sabe pra onde vai bem vou descer uma placa novo vender cem isso investimento sujar lavar bens minha vida virou filme parecendo tela quente pergunta flow macio ela sab quem que baby com glock haha frrah caula oposio viv falando passa calnia cartucho papel estdio parece kalunga manos psico eles tuco sentindo will teu pedao maluco vagabunda ama envolver vagabundo papo triste sou sua terapeuta pode ser siliconada nunca peita dentro cala guardo duas bereta vadia snica jogando buceta benzodiazepnico tenho receita bato nele nem quebro unha seu namorado gosta mim porque chucra bate chamando puta onze
